Id,Name,Description,Type,UnitPrice,IncomeAccountRef_value,IncomeAccountRef_name,Active,Taxable
30,A5 journal cover — hand-tooled custom,"Full-grain vegtan A5 journal cover, custom embossing",Service,385.00,1,Etsy Sales — Income,True,True
31,Bifold wallet — hand-stitched,"Bifold wallet, 6 pockets, full-grain vegtan",Service,165.00,1,Etsy Sales — Income,True,True
32,Keyring fob,"Hand-stitched keyring fob, single layer",Service,32.00,1,Etsy Sales — Income,True,True
4001,A5 journal cover — hand-tooled custom,"Full-grain vegtan A5 journal cover, custom embossing",Service,385.00,1,Etsy Sales — Income,True,True
4002,Bifold wallet — hand-stitched,"Bifold wallet, 6 pockets, full-grain vegtan",Service,165.00,1,Etsy Sales — Income,True,True
4003,Keyring fob,"Hand-stitched keyring fob, single layer",Service,32.00,1,Etsy Sales — Income,True,True
4004,A5 journal cover — hand-tooled custom,"Full-grain vegtan A5 journal cover, custom embossing",Service,385.00,1,Etsy Sales — Income,True,True
4005,Bifold wallet — hand-stitched,"Bifold wallet, 6 pockets, full-grain vegtan",Service,165.00,1,Etsy Sales — Income,True,True
4006,Keyring fob,"Hand-stitched keyring fob, single layer",Service,32.00,1,Etsy Sales — Income,True,True
4007,A5 journal cover — hand-tooled custom,"Full-grain vegtan A5 journal cover, custom embossing",Service,385.00,1,Etsy Sales — Income,True,True
4008,Bifold wallet — hand-stitched,"Bifold wallet, 6 pockets, full-grain vegtan",Service,165.00,1,Etsy Sales — Income,True,True
4009,Keyring fob,"Hand-stitched keyring fob, single layer",Service,32.00,1,Etsy Sales — Income,True,True
4010,A5 journal cover — hand-tooled custom,"Full-grain vegtan A5 journal cover, custom embossing",Service,385.00,1,Etsy Sales — Income,True,True
4011,Bifold wallet — hand-stitched,"Bifold wallet, 6 pockets, full-grain vegtan",Service,165.00,1,Etsy Sales — Income,True,True
4012,Keyring fob,"Hand-stitched keyring fob, single layer",Service,32.00,1,Etsy Sales — Income,True,True
4013,A5 journal cover — hand-tooled custom,"Full-grain vegtan A5 journal cover, custom embossing",Service,385.00,1,Etsy Sales — Income,True,True
4014,Bifold wallet — hand-stitched,"Bifold wallet, 6 pockets, full-grain vegtan",Service,165.00,1,Etsy Sales — Income,True,True
4015,Keyring fob,"Hand-stitched keyring fob, single layer",Service,32.00,1,Etsy Sales — Income,True,True
4016,A5 journal cover — hand-tooled custom,"Full-grain vegtan A5 journal cover, custom embossing",Service,385.00,1,Etsy Sales — Income,True,True
4017,Bifold wallet — hand-stitched,"Bifold wallet, 6 pockets, full-grain vegtan",Service,165.00,1,Etsy Sales — Income,True,True
4018,Keyring fob,"Hand-stitched keyring fob, single layer",Service,32.00,1,Etsy Sales — Income,True,True
4019,A5 journal cover — hand-tooled custom,"Full-grain vegtan A5 journal cover, custom embossing",Service,385.00,1,Etsy Sales — Income,True,True
4020,Bifold wallet — hand-stitched,"Bifold wallet, 6 pockets, full-grain vegtan",Service,165.00,1,Etsy Sales — Income,True,True
4021,Keyring fob,"Hand-stitched keyring fob, single layer",Service,32.00,1,Etsy Sales — Income,True,True
4022,A5 journal cover — hand-tooled custom,"Full-grain vegtan A5 journal cover, custom embossing",Service,385.00,1,Etsy Sales — Income,True,True
4023,Bifold wallet — hand-stitched,"Bifold wallet, 6 pockets, full-grain vegtan",Service,165.00,1,Etsy Sales — Income,True,True
4024,Keyring fob,"Hand-stitched keyring fob, single layer",Service,32.00,1,Etsy Sales — Income,True,True
4025,A5 journal cover — hand-tooled custom,"Full-grain vegtan A5 journal cover, custom embossing",Service,385.00,1,Etsy Sales — Income,True,True
4026,Bifold wallet — hand-stitched,"Bifold wallet, 6 pockets, full-grain vegtan",Service,165.00,1,Etsy Sales — Income,True,True
4027,Keyring fob,"Hand-stitched keyring fob, single layer",Service,32.00,1,Etsy Sales — Income,True,True
4028,A5 journal cover — hand-tooled custom,"Full-grain vegtan A5 journal cover, custom embossing",Service,385.00,1,Etsy Sales — Income,True,True
4029,Bifold wallet — hand-stitched,"Bifold wallet, 6 pockets, full-grain vegtan",Service,165.00,1,Etsy Sales — Income,True,True
4030,Keyring fob,"Hand-stitched keyring fob, single layer",Service,32.00,1,Etsy Sales — Income,True,True
4031,A5 journal cover — hand-tooled custom,"Full-grain vegtan A5 journal cover, custom embossing",Service,385.00,1,Etsy Sales — Income,True,True
4032,Bifold wallet — hand-stitched,"Bifold wallet, 6 pockets, full-grain vegtan",Service,165.00,1,Etsy Sales — Income,True,True
4033,Keyring fob,"Hand-stitched keyring fob, single layer",Service,32.00,1,Etsy Sales — Income,True,True
4034,A5 journal cover — hand-tooled custom,"Full-grain vegtan A5 journal cover, custom embossing",Service,385.00,1,Etsy Sales — Income,True,True
4035,Bifold wallet — hand-stitched,"Bifold wallet, 6 pockets, full-grain vegtan",Service,165.00,1,Etsy Sales — Income,True,True
4036,Keyring fob,"Hand-stitched keyring fob, single layer",Service,32.00,1,Etsy Sales — Income,True,True
4037,A5 journal cover — hand-tooled custom,"Full-grain vegtan A5 journal cover, custom embossing",Service,385.00,1,Etsy Sales — Income,True,True
4038,Bifold wallet — hand-stitched,"Bifold wallet, 6 pockets, full-grain vegtan",Service,165.00,1,Etsy Sales — Income,True,True
4039,Keyring fob,"Hand-stitched keyring fob, single layer",Service,32.00,1,Etsy Sales — Income,True,True
4040,A5 journal cover — hand-tooled custom,"Full-grain vegtan A5 journal cover, custom embossing",Service,385.00,1,Etsy Sales — Income,True,True
4041,Bifold wallet — hand-stitched,"Bifold wallet, 6 pockets, full-grain vegtan",Service,165.00,1,Etsy Sales — Income,True,True
4042,Keyring fob,"Hand-stitched keyring fob, single layer",Service,32.00,1,Etsy Sales — Income,True,True
4043,A5 journal cover — hand-tooled custom,"Full-grain vegtan A5 journal cover, custom embossing",Service,385.00,1,Etsy Sales — Income,True,True
4044,Bifold wallet — hand-stitched,"Bifold wallet, 6 pockets, full-grain vegtan",Service,165.00,1,Etsy Sales — Income,True,True
4045,Keyring fob,"Hand-stitched keyring fob, single layer",Service,32.00,1,Etsy Sales — Income,True,True
4046,A5 journal cover — hand-tooled custom,"Full-grain vegtan A5 journal cover, custom embossing",Service,385.00,1,Etsy Sales — Income,True,True
4047,Bifold wallet — hand-stitched,"Bifold wallet, 6 pockets, full-grain vegtan",Service,165.00,1,Etsy Sales — Income,True,True
4048,Keyring fob,"Hand-stitched keyring fob, single layer",Service,32.00,1,Etsy Sales — Income,True,True
4049,A5 journal cover — hand-tooled custom,"Full-grain vegtan A5 journal cover, custom embossing",Service,385.00,1,Etsy Sales — Income,True,True
4050,Bifold wallet — hand-stitched,"Bifold wallet, 6 pockets, full-grain vegtan",Service,165.00,1,Etsy Sales — Income,True,True
4051,Keyring fob,"Hand-stitched keyring fob, single layer",Service,32.00,1,Etsy Sales — Income,True,True
4052,A5 journal cover — hand-tooled custom,"Full-grain vegtan A5 journal cover, custom embossing",Service,385.00,1,Etsy Sales — Income,True,True
4053,Bifold wallet — hand-stitched,"Bifold wallet, 6 pockets, full-grain vegtan",Service,165.00,1,Etsy Sales — Income,True,True
4054,Keyring fob,"Hand-stitched keyring fob, single layer",Service,32.00,1,Etsy Sales — Income,True,True
4055,A5 journal cover — hand-tooled custom,"Full-grain vegtan A5 journal cover, custom embossing",Service,385.00,1,Etsy Sales — Income,True,True
4056,Bifold wallet — hand-stitched,"Bifold wallet, 6 pockets, full-grain vegtan",Service,165.00,1,Etsy Sales — Income,True,True
4057,Keyring fob,"Hand-stitched keyring fob, single layer",Service,32.00,1,Etsy Sales — Income,True,True
4058,A5 journal cover — hand-tooled custom,"Full-grain vegtan A5 journal cover, custom embossing",Service,385.00,1,Etsy Sales — Income,True,True
4059,Bifold wallet — hand-stitched,"Bifold wallet, 6 pockets, full-grain vegtan",Service,165.00,1,Etsy Sales — Income,True,True
4060,Keyring fob,"Hand-stitched keyring fob, single layer",Service,32.00,1,Etsy Sales — Income,True,True
4061,A5 journal cover — hand-tooled custom,"Full-grain vegtan A5 journal cover, custom embossing",Service,385.00,1,Etsy Sales — Income,True,True
4062,Bifold wallet — hand-stitched,"Bifold wallet, 6 pockets, full-grain vegtan",Service,165.00,1,Etsy Sales — Income,True,True
4063,Keyring fob,"Hand-stitched keyring fob, single layer",Service,32.00,1,Etsy Sales — Income,True,True
4064,A5 journal cover — hand-tooled custom,"Full-grain vegtan A5 journal cover, custom embossing",Service,385.00,1,Etsy Sales — Income,True,True
4065,Bifold wallet — hand-stitched,"Bifold wallet, 6 pockets, full-grain vegtan",Service,165.00,1,Etsy Sales — Income,True,True
4066,Keyring fob,"Hand-stitched keyring fob, single layer",Service,32.00,1,Etsy Sales — Income,True,True
4067,A5 journal cover — hand-tooled custom,"Full-grain vegtan A5 journal cover, custom embossing",Service,385.00,1,Etsy Sales — Income,True,True
4068,Bifold wallet — hand-stitched,"Bifold wallet, 6 pockets, full-grain vegtan",Service,165.00,1,Etsy Sales — Income,True,True
4069,Keyring fob,"Hand-stitched keyring fob, single layer",Service,32.00,1,Etsy Sales — Income,True,True
4070,A5 journal cover — hand-tooled custom,"Full-grain vegtan A5 journal cover, custom embossing",Service,385.00,1,Etsy Sales — Income,True,True
4071,Bifold wallet — hand-stitched,"Bifold wallet, 6 pockets, full-grain vegtan",Service,165.00,1,Etsy Sales — Income,True,True
4072,Keyring fob,"Hand-stitched keyring fob, single layer",Service,32.00,1,Etsy Sales — Income,True,True
4073,A5 journal cover — hand-tooled custom,"Full-grain vegtan A5 journal cover, custom embossing",Service,385.00,1,Etsy Sales — Income,True,True
4074,Bifold wallet — hand-stitched,"Bifold wallet, 6 pockets, full-grain vegtan",Service,165.00,1,Etsy Sales — Income,True,True
4075,Keyring fob,"Hand-stitched keyring fob, single layer",Service,32.00,1,Etsy Sales — Income,True,True
4076,A5 journal cover — hand-tooled custom,"Full-grain vegtan A5 journal cover, custom embossing",Service,385.00,1,Etsy Sales — Income,True,True
4077,Bifold wallet — hand-stitched,"Bifold wallet, 6 pockets, full-grain vegtan",Service,165.00,1,Etsy Sales — Income,True,True
4078,Keyring fob,"Hand-stitched keyring fob, single layer",Service,32.00,1,Etsy Sales — Income,True,True
4079,A5 journal cover — hand-tooled custom,"Full-grain vegtan A5 journal cover, custom embossing",Service,385.00,1,Etsy Sales — Income,True,True
4080,Bifold wallet — hand-stitched,"Bifold wallet, 6 pockets, full-grain vegtan",Service,165.00,1,Etsy Sales — Income,True,True
4081,Keyring fob,"Hand-stitched keyring fob, single layer",Service,32.00,1,Etsy Sales — Income,True,True
4082,A5 journal cover — hand-tooled custom,"Full-grain vegtan A5 journal cover, custom embossing",Service,385.00,1,Etsy Sales — Income,True,True
4083,Bifold wallet — hand-stitched,"Bifold wallet, 6 pockets, full-grain vegtan",Service,165.00,1,Etsy Sales — Income,True,True
4084,Keyring fob,"Hand-stitched keyring fob, single layer",Service,32.00,1,Etsy Sales — Income,True,True
4085,A5 journal cover — hand-tooled custom,"Full-grain vegtan A5 journal cover, custom embossing",Service,385.00,1,Etsy Sales — Income,True,True
4086,Bifold wallet — hand-stitched,"Bifold wallet, 6 pockets, full-grain vegtan",Service,165.00,1,Etsy Sales — Income,True,True
4087,Keyring fob,"Hand-stitched keyring fob, single layer",Service,32.00,1,Etsy Sales — Income,True,True
4088,A5 journal cover — hand-tooled custom,"Full-grain vegtan A5 journal cover, custom embossing",Service,385.00,1,Etsy Sales — Income,True,True
4089,Bifold wallet — hand-stitched,"Bifold wallet, 6 pockets, full-grain vegtan",Service,165.00,1,Etsy Sales — Income,True,True
4090,Keyring fob,"Hand-stitched keyring fob, single layer",Service,32.00,1,Etsy Sales — Income,True,True
4091,A5 journal cover — hand-tooled custom,"Full-grain vegtan A5 journal cover, custom embossing",Service,385.00,1,Etsy Sales — Income,True,True
4092,Bifold wallet — hand-stitched,"Bifold wallet, 6 pockets, full-grain vegtan",Service,165.00,1,Etsy Sales — Income,True,True
4093,Keyring fob,"Hand-stitched keyring fob, single layer",Service,32.00,1,Etsy Sales — Income,True,True
4094,A5 journal cover — hand-tooled custom,"Full-grain vegtan A5 journal cover, custom embossing",Service,385.00,1,Etsy Sales — Income,True,True
4095,Bifold wallet — hand-stitched,"Bifold wallet, 6 pockets, full-grain vegtan",Service,165.00,1,Etsy Sales — Income,True,True
4096,Keyring fob,"Hand-stitched keyring fob, single layer",Service,32.00,1,Etsy Sales — Income,True,True
4097,A5 journal cover — hand-tooled custom,"Full-grain vegtan A5 journal cover, custom embossing",Service,385.00,1,Etsy Sales — Income,True,True
4098,Bifold wallet — hand-stitched,"Bifold wallet, 6 pockets, full-grain vegtan",Service,165.00,1,Etsy Sales — Income,True,True
4099,Keyring fob,"Hand-stitched keyring fob, single layer",Service,32.00,1,Etsy Sales — Income,True,True
4100,A5 journal cover — hand-tooled custom,"Full-grain vegtan A5 journal cover, custom embossing",Service,385.00,1,Etsy Sales — Income,True,True
4101,Bifold wallet — hand-stitched,"Bifold wallet, 6 pockets, full-grain vegtan",Service,165.00,1,Etsy Sales — Income,True,True
4102,Keyring fob,"Hand-stitched keyring fob, single layer",Service,32.00,1,Etsy Sales — Income,True,True
4103,A5 journal cover — hand-tooled custom,"Full-grain vegtan A5 journal cover, custom embossing",Service,385.00,1,Etsy Sales — Income,True,True
4104,Bifold wallet — hand-stitched,"Bifold wallet, 6 pockets, full-grain vegtan",Service,165.00,1,Etsy Sales — Income,True,True
4105,Keyring fob,"Hand-stitched keyring fob, single layer",Service,32.00,1,Etsy Sales — Income,True,True
4106,A5 journal cover — hand-tooled custom,"Full-grain vegtan A5 journal cover, custom embossing",Service,385.00,1,Etsy Sales — Income,True,True
4107,Bifold wallet — hand-stitched,"Bifold wallet, 6 pockets, full-grain vegtan",Service,165.00,1,Etsy Sales — Income,True,True
4108,Keyring fob,"Hand-stitched keyring fob, single layer",Service,32.00,1,Etsy Sales — Income,True,True
4109,A5 journal cover — hand-tooled custom,"Full-grain vegtan A5 journal cover, custom embossing",Service,385.00,1,Etsy Sales — Income,True,True
4110,Bifold wallet — hand-stitched,"Bifold wallet, 6 pockets, full-grain vegtan",Service,165.00,1,Etsy Sales — Income,True,True
4111,Keyring fob,"Hand-stitched keyring fob, single layer",Service,32.00,1,Etsy Sales — Income,True,True
4112,A5 journal cover — hand-tooled custom,"Full-grain vegtan A5 journal cover, custom embossing",Service,385.00,1,Etsy Sales — Income,True,True
4113,Bifold wallet — hand-stitched,"Bifold wallet, 6 pockets, full-grain vegtan",Service,165.00,1,Etsy Sales — Income,True,True
4114,Keyring fob,"Hand-stitched keyring fob, single layer",Service,32.00,1,Etsy Sales — Income,True,True
4115,A5 journal cover — hand-tooled custom,"Full-grain vegtan A5 journal cover, custom embossing",Service,385.00,1,Etsy Sales — Income,True,True
4116,Bifold wallet — hand-stitched,"Bifold wallet, 6 pockets, full-grain vegtan",Service,165.00,1,Etsy Sales — Income,True,True
4117,Keyring fob,"Hand-stitched keyring fob, single layer",Service,32.00,1,Etsy Sales — Income,True,True
4118,A5 journal cover — hand-tooled custom,"Full-grain vegtan A5 journal cover, custom embossing",Service,385.00,1,Etsy Sales — Income,True,True
4119,Bifold wallet — hand-stitched,"Bifold wallet, 6 pockets, full-grain vegtan",Service,165.00,1,Etsy Sales — Income,True,True
4120,Keyring fob,"Hand-stitched keyring fob, single layer",Service,32.00,1,Etsy Sales — Income,True,True
4121,A5 journal cover — hand-tooled custom,"Full-grain vegtan A5 journal cover, custom embossing",Service,385.00,1,Etsy Sales — Income,True,True
4122,Bifold wallet — hand-stitched,"Bifold wallet, 6 pockets, full-grain vegtan",Service,165.00,1,Etsy Sales — Income,True,True
4123,Keyring fob,"Hand-stitched keyring fob, single layer",Service,32.00,1,Etsy Sales — Income,True,True
4124,A5 journal cover — hand-tooled custom,"Full-grain vegtan A5 journal cover, custom embossing",Service,385.00,1,Etsy Sales — Income,True,True
4125,Bifold wallet — hand-stitched,"Bifold wallet, 6 pockets, full-grain vegtan",Service,165.00,1,Etsy Sales — Income,True,True
4126,Keyring fob,"Hand-stitched keyring fob, single layer",Service,32.00,1,Etsy Sales — Income,True,True
4127,A5 journal cover — hand-tooled custom,"Full-grain vegtan A5 journal cover, custom embossing",Service,385.00,1,Etsy Sales — Income,True,True
4128,Bifold wallet — hand-stitched,"Bifold wallet, 6 pockets, full-grain vegtan",Service,165.00,1,Etsy Sales — Income,True,True
4129,Keyring fob,"Hand-stitched keyring fob, single layer",Service,32.00,1,Etsy Sales — Income,True,True
4130,A5 journal cover — hand-tooled custom,"Full-grain vegtan A5 journal cover, custom embossing",Service,385.00,1,Etsy Sales — Income,True,True
4131,Bifold wallet — hand-stitched,"Bifold wallet, 6 pockets, full-grain vegtan",Service,165.00,1,Etsy Sales — Income,True,True
4132,Keyring fob,"Hand-stitched keyring fob, single layer",Service,32.00,1,Etsy Sales — Income,True,True
4133,A5 journal cover — hand-tooled custom,"Full-grain vegtan A5 journal cover, custom embossing",Service,385.00,1,Etsy Sales — Income,True,True
4134,Bifold wallet — hand-stitched,"Bifold wallet, 6 pockets, full-grain vegtan",Service,165.00,1,Etsy Sales — Income,True,True
4135,Keyring fob,"Hand-stitched keyring fob, single layer",Service,32.00,1,Etsy Sales — Income,True,True
4136,A5 journal cover — hand-tooled custom,"Full-grain vegtan A5 journal cover, custom embossing",Service,385.00,1,Etsy Sales — Income,True,True
4137,Bifold wallet — hand-stitched,"Bifold wallet, 6 pockets, full-grain vegtan",Service,165.00,1,Etsy Sales — Income,True,True
4138,Keyring fob,"Hand-stitched keyring fob, single layer",Service,32.00,1,Etsy Sales — Income,True,True
4139,A5 journal cover — hand-tooled custom,"Full-grain vegtan A5 journal cover, custom embossing",Service,385.00,1,Etsy Sales — Income,True,True
4140,Bifold wallet — hand-stitched,"Bifold wallet, 6 pockets, full-grain vegtan",Service,165.00,1,Etsy Sales — Income,True,True
4141,Keyring fob,"Hand-stitched keyring fob, single layer",Service,32.00,1,Etsy Sales — Income,True,True
4142,A5 journal cover — hand-tooled custom,"Full-grain vegtan A5 journal cover, custom embossing",Service,385.00,1,Etsy Sales — Income,True,True
4143,Bifold wallet — hand-stitched,"Bifold wallet, 6 pockets, full-grain vegtan",Service,165.00,1,Etsy Sales — Income,True,True
4144,Keyring fob,"Hand-stitched keyring fob, single layer",Service,32.00,1,Etsy Sales — Income,True,True
4145,A5 journal cover — hand-tooled custom,"Full-grain vegtan A5 journal cover, custom embossing",Service,385.00,1,Etsy Sales — Income,True,True
4146,Bifold wallet — hand-stitched,"Bifold wallet, 6 pockets, full-grain vegtan",Service,165.00,1,Etsy Sales — Income,True,True
4147,Keyring fob,"Hand-stitched keyring fob, single layer",Service,32.00,1,Etsy Sales — Income,True,True
4148,A5 journal cover — hand-tooled custom,"Full-grain vegtan A5 journal cover, custom embossing",Service,385.00,1,Etsy Sales — Income,True,True
4149,Bifold wallet — hand-stitched,"Bifold wallet, 6 pockets, full-grain vegtan",Service,165.00,1,Etsy Sales — Income,True,True
4150,Keyring fob,"Hand-stitched keyring fob, single layer",Service,32.00,1,Etsy Sales — Income,True,True
4151,A5 journal cover — hand-tooled custom,"Full-grain vegtan A5 journal cover, custom embossing",Service,385.00,1,Etsy Sales — Income,True,True
4152,Bifold wallet — hand-stitched,"Bifold wallet, 6 pockets, full-grain vegtan",Service,165.00,1,Etsy Sales — Income,True,True
4153,Keyring fob,"Hand-stitched keyring fob, single layer",Service,32.00,1,Etsy Sales — Income,True,True
4154,A5 journal cover — hand-tooled custom,"Full-grain vegtan A5 journal cover, custom embossing",Service,385.00,1,Etsy Sales — Income,True,True
4155,Bifold wallet — hand-stitched,"Bifold wallet, 6 pockets, full-grain vegtan",Service,165.00,1,Etsy Sales — Income,True,True
4156,Keyring fob,"Hand-stitched keyring fob, single layer",Service,32.00,1,Etsy Sales — Income,True,True
4157,A5 journal cover — hand-tooled custom,"Full-grain vegtan A5 journal cover, custom embossing",Service,385.00,1,Etsy Sales — Income,True,True
4158,Bifold wallet — hand-stitched,"Bifold wallet, 6 pockets, full-grain vegtan",Service,165.00,1,Etsy Sales — Income,True,True
4159,Keyring fob,"Hand-stitched keyring fob, single layer",Service,32.00,1,Etsy Sales — Income,True,True
4160,A5 journal cover — hand-tooled custom,"Full-grain vegtan A5 journal cover, custom embossing",Service,385.00,1,Etsy Sales — Income,True,True
4161,Bifold wallet — hand-stitched,"Bifold wallet, 6 pockets, full-grain vegtan",Service,165.00,1,Etsy Sales — Income,True,True
4162,Keyring fob,"Hand-stitched keyring fob, single layer",Service,32.00,1,Etsy Sales — Income,True,True
4163,A5 journal cover — hand-tooled custom,"Full-grain vegtan A5 journal cover, custom embossing",Service,385.00,1,Etsy Sales — Income,True,True
4164,Bifold wallet — hand-stitched,"Bifold wallet, 6 pockets, full-grain vegtan",Service,165.00,1,Etsy Sales — Income,True,True
4165,Keyring fob,"Hand-stitched keyring fob, single layer",Service,32.00,1,Etsy Sales — Income,True,True
4166,A5 journal cover — hand-tooled custom,"Full-grain vegtan A5 journal cover, custom embossing",Service,385.00,1,Etsy Sales — Income,True,True
4167,Bifold wallet — hand-stitched,"Bifold wallet, 6 pockets, full-grain vegtan",Service,165.00,1,Etsy Sales — Income,True,True
4168,Keyring fob,"Hand-stitched keyring fob, single layer",Service,32.00,1,Etsy Sales — Income,True,True
4169,A5 journal cover — hand-tooled custom,"Full-grain vegtan A5 journal cover, custom embossing",Service,385.00,1,Etsy Sales — Income,True,True
4170,Bifold wallet — hand-stitched,"Bifold wallet, 6 pockets, full-grain vegtan",Service,165.00,1,Etsy Sales — Income,True,True
4171,Keyring fob,"Hand-stitched keyring fob, single layer",Service,32.00,1,Etsy Sales — Income,True,True
4172,A5 journal cover — hand-tooled custom,"Full-grain vegtan A5 journal cover, custom embossing",Service,385.00,1,Etsy Sales — Income,True,True
4173,Bifold wallet — hand-stitched,"Bifold wallet, 6 pockets, full-grain vegtan",Service,165.00,1,Etsy Sales — Income,True,True
4174,Keyring fob,"Hand-stitched keyring fob, single layer",Service,32.00,1,Etsy Sales — Income,True,True
4175,A5 journal cover — hand-tooled custom,"Full-grain vegtan A5 journal cover, custom embossing",Service,385.00,1,Etsy Sales — Income,True,True
4176,Bifold wallet — hand-stitched,"Bifold wallet, 6 pockets, full-grain vegtan",Service,165.00,1,Etsy Sales — Income,True,True
4177,Keyring fob,"Hand-stitched keyring fob, single layer",Service,32.00,1,Etsy Sales — Income,True,True
4178,A5 journal cover — hand-tooled custom,"Full-grain vegtan A5 journal cover, custom embossing",Service,385.00,1,Etsy Sales — Income,True,True
4179,Bifold wallet — hand-stitched,"Bifold wallet, 6 pockets, full-grain vegtan",Service,165.00,1,Etsy Sales — Income,True,True
4180,Keyring fob,"Hand-stitched keyring fob, single layer",Service,32.00,1,Etsy Sales — Income,True,True
4181,A5 journal cover — hand-tooled custom,"Full-grain vegtan A5 journal cover, custom embossing",Service,385.00,1,Etsy Sales — Income,True,True
4182,Bifold wallet — hand-stitched,"Bifold wallet, 6 pockets, full-grain vegtan",Service,165.00,1,Etsy Sales — Income,True,True
4183,Keyring fob,"Hand-stitched keyring fob, single layer",Service,32.00,1,Etsy Sales — Income,True,True
4184,A5 journal cover — hand-tooled custom,"Full-grain vegtan A5 journal cover, custom embossing",Service,385.00,1,Etsy Sales — Income,True,True
4185,Bifold wallet — hand-stitched,"Bifold wallet, 6 pockets, full-grain vegtan",Service,165.00,1,Etsy Sales — Income,True,True
4186,Keyring fob,"Hand-stitched keyring fob, single layer",Service,32.00,1,Etsy Sales — Income,True,True
4187,A5 journal cover — hand-tooled custom,"Full-grain vegtan A5 journal cover, custom embossing",Service,385.00,1,Etsy Sales — Income,True,True
4188,Bifold wallet — hand-stitched,"Bifold wallet, 6 pockets, full-grain vegtan",Service,165.00,1,Etsy Sales — Income,True,True
4189,Keyring fob,"Hand-stitched keyring fob, single layer",Service,32.00,1,Etsy Sales — Income,True,True
4190,A5 journal cover — hand-tooled custom,"Full-grain vegtan A5 journal cover, custom embossing",Service,385.00,1,Etsy Sales — Income,True,True
4191,Bifold wallet — hand-stitched,"Bifold wallet, 6 pockets, full-grain vegtan",Service,165.00,1,Etsy Sales — Income,True,True
4192,Keyring fob,"Hand-stitched keyring fob, single layer",Service,32.00,1,Etsy Sales — Income,True,True
4193,A5 journal cover — hand-tooled custom,"Full-grain vegtan A5 journal cover, custom embossing",Service,385.00,1,Etsy Sales — Income,True,True
4194,Bifold wallet — hand-stitched,"Bifold wallet, 6 pockets, full-grain vegtan",Service,165.00,1,Etsy Sales — Income,True,True
4195,Keyring fob,"Hand-stitched keyring fob, single layer",Service,32.00,1,Etsy Sales — Income,True,True
4196,A5 journal cover — hand-tooled custom,"Full-grain vegtan A5 journal cover, custom embossing",Service,385.00,1,Etsy Sales — Income,True,True
4197,Bifold wallet — hand-stitched,"Bifold wallet, 6 pockets, full-grain vegtan",Service,165.00,1,Etsy Sales — Income,True,True
4198,Keyring fob,"Hand-stitched keyring fob, single layer",Service,32.00,1,Etsy Sales — Income,True,True
4199,A5 journal cover — hand-tooled custom,"Full-grain vegtan A5 journal cover, custom embossing",Service,385.00,1,Etsy Sales — Income,True,True
4200,Bifold wallet — hand-stitched,"Bifold wallet, 6 pockets, full-grain vegtan",Service,165.00,1,Etsy Sales — Income,True,True
4201,Keyring fob,"Hand-stitched keyring fob, single layer",Service,32.00,1,Etsy Sales — Income,True,True
4202,A5 journal cover — hand-tooled custom,"Full-grain vegtan A5 journal cover, custom embossing",Service,385.00,1,Etsy Sales — Income,True,True
4203,Bifold wallet — hand-stitched,"Bifold wallet, 6 pockets, full-grain vegtan",Service,165.00,1,Etsy Sales — Income,True,True
4204,Keyring fob,"Hand-stitched keyring fob, single layer",Service,32.00,1,Etsy Sales — Income,True,True
4205,A5 journal cover — hand-tooled custom,"Full-grain vegtan A5 journal cover, custom embossing",Service,385.00,1,Etsy Sales — Income,True,True
4206,Bifold wallet — hand-stitched,"Bifold wallet, 6 pockets, full-grain vegtan",Service,165.00,1,Etsy Sales — Income,True,True
4207,Keyring fob,"Hand-stitched keyring fob, single layer",Service,32.00,1,Etsy Sales — Income,True,True
4208,A5 journal cover — hand-tooled custom,"Full-grain vegtan A5 journal cover, custom embossing",Service,385.00,1,Etsy Sales — Income,True,True
4209,Bifold wallet — hand-stitched,"Bifold wallet, 6 pockets, full-grain vegtan",Service,165.00,1,Etsy Sales — Income,True,True
4210,Keyring fob,"Hand-stitched keyring fob, single layer",Service,32.00,1,Etsy Sales — Income,True,True
4211,A5 journal cover — hand-tooled custom,"Full-grain vegtan A5 journal cover, custom embossing",Service,385.00,1,Etsy Sales — Income,True,True
4212,Bifold wallet — hand-stitched,"Bifold wallet, 6 pockets, full-grain vegtan",Service,165.00,1,Etsy Sales — Income,True,True
4213,Keyring fob,"Hand-stitched keyring fob, single layer",Service,32.00,1,Etsy Sales — Income,True,True
4214,A5 journal cover — hand-tooled custom,"Full-grain vegtan A5 journal cover, custom embossing",Service,385.00,1,Etsy Sales — Income,True,True
4215,Bifold wallet — hand-stitched,"Bifold wallet, 6 pockets, full-grain vegtan",Service,165.00,1,Etsy Sales — Income,True,True
4216,Keyring fob,"Hand-stitched keyring fob, single layer",Service,32.00,1,Etsy Sales — Income,True,True
4217,A5 journal cover — hand-tooled custom,"Full-grain vegtan A5 journal cover, custom embossing",Service,385.00,1,Etsy Sales — Income,True,True
4218,Bifold wallet — hand-stitched,"Bifold wallet, 6 pockets, full-grain vegtan",Service,165.00,1,Etsy Sales — Income,True,True
4219,Keyring fob,"Hand-stitched keyring fob, single layer",Service,32.00,1,Etsy Sales — Income,True,True
4220,A5 journal cover — hand-tooled custom,"Full-grain vegtan A5 journal cover, custom embossing",Service,385.00,1,Etsy Sales — Income,True,True
4221,Bifold wallet — hand-stitched,"Bifold wallet, 6 pockets, full-grain vegtan",Service,165.00,1,Etsy Sales — Income,True,True
4222,Keyring fob,"Hand-stitched keyring fob, single layer",Service,32.00,1,Etsy Sales — Income,True,True
4223,A5 journal cover — hand-tooled custom,"Full-grain vegtan A5 journal cover, custom embossing",Service,385.00,1,Etsy Sales — Income,True,True
4224,Bifold wallet — hand-stitched,"Bifold wallet, 6 pockets, full-grain vegtan",Service,165.00,1,Etsy Sales — Income,True,True
4225,Keyring fob,"Hand-stitched keyring fob, single layer",Service,32.00,1,Etsy Sales — Income,True,True
4226,A5 journal cover — hand-tooled custom,"Full-grain vegtan A5 journal cover, custom embossing",Service,385.00,1,Etsy Sales — Income,True,True
4227,Bifold wallet — hand-stitched,"Bifold wallet, 6 pockets, full-grain vegtan",Service,165.00,1,Etsy Sales — Income,True,True
4228,Keyring fob,"Hand-stitched keyring fob, single layer",Service,32.00,1,Etsy Sales — Income,True,True
4229,A5 journal cover — hand-tooled custom,"Full-grain vegtan A5 journal cover, custom embossing",Service,385.00,1,Etsy Sales — Income,True,True
4230,Bifold wallet — hand-stitched,"Bifold wallet, 6 pockets, full-grain vegtan",Service,165.00,1,Etsy Sales — Income,True,True
4231,Keyring fob,"Hand-stitched keyring fob, single layer",Service,32.00,1,Etsy Sales — Income,True,True
4232,A5 journal cover — hand-tooled custom,"Full-grain vegtan A5 journal cover, custom embossing",Service,385.00,1,Etsy Sales — Income,True,True
4233,Bifold wallet — hand-stitched,"Bifold wallet, 6 pockets, full-grain vegtan",Service,165.00,1,Etsy Sales — Income,True,True
4234,Keyring fob,"Hand-stitched keyring fob, single layer",Service,32.00,1,Etsy Sales — Income,True,True
4235,A5 journal cover — hand-tooled custom,"Full-grain vegtan A5 journal cover, custom embossing",Service,385.00,1,Etsy Sales — Income,True,True
4236,Bifold wallet — hand-stitched,"Bifold wallet, 6 pockets, full-grain vegtan",Service,165.00,1,Etsy Sales — Income,True,True
4237,Keyring fob,"Hand-stitched keyring fob, single layer",Service,32.00,1,Etsy Sales — Income,True,True
4238,A5 journal cover — hand-tooled custom,"Full-grain vegtan A5 journal cover, custom embossing",Service,385.00,1,Etsy Sales — Income,True,True
4239,Bifold wallet — hand-stitched,"Bifold wallet, 6 pockets, full-grain vegtan",Service,165.00,1,Etsy Sales — Income,True,True
4240,Keyring fob,"Hand-stitched keyring fob, single layer",Service,32.00,1,Etsy Sales — Income,True,True
4241,A5 journal cover — hand-tooled custom,"Full-grain vegtan A5 journal cover, custom embossing",Service,385.00,1,Etsy Sales — Income,True,True
4242,Bifold wallet — hand-stitched,"Bifold wallet, 6 pockets, full-grain vegtan",Service,165.00,1,Etsy Sales — Income,True,True
4243,Keyring fob,"Hand-stitched keyring fob, single layer",Service,32.00,1,Etsy Sales — Income,True,True
4244,A5 journal cover — hand-tooled custom,"Full-grain vegtan A5 journal cover, custom embossing",Service,385.00,1,Etsy Sales — Income,True,True
4245,Bifold wallet — hand-stitched,"Bifold wallet, 6 pockets, full-grain vegtan",Service,165.00,1,Etsy Sales — Income,True,True
4246,Keyring fob,"Hand-stitched keyring fob, single layer",Service,32.00,1,Etsy Sales — Income,True,True
4247,A5 journal cover — hand-tooled custom,"Full-grain vegtan A5 journal cover, custom embossing",Service,385.00,1,Etsy Sales — Income,True,True
4248,Bifold wallet — hand-stitched,"Bifold wallet, 6 pockets, full-grain vegtan",Service,165.00,1,Etsy Sales — Income,True,True
4249,Keyring fob,"Hand-stitched keyring fob, single layer",Service,32.00,1,Etsy Sales — Income,True,True
4250,A5 journal cover — hand-tooled custom,"Full-grain vegtan A5 journal cover, custom embossing",Service,385.00,1,Etsy Sales — Income,True,True
4251,Bifold wallet — hand-stitched,"Bifold wallet, 6 pockets, full-grain vegtan",Service,165.00,1,Etsy Sales — Income,True,True
4252,Keyring fob,"Hand-stitched keyring fob, single layer",Service,32.00,1,Etsy Sales — Income,True,True
4253,A5 journal cover — hand-tooled custom,"Full-grain vegtan A5 journal cover, custom embossing",Service,385.00,1,Etsy Sales — Income,True,True
4254,Bifold wallet — hand-stitched,"Bifold wallet, 6 pockets, full-grain vegtan",Service,165.00,1,Etsy Sales — Income,True,True
4255,Keyring fob,"Hand-stitched keyring fob, single layer",Service,32.00,1,Etsy Sales — Income,True,True
4256,A5 journal cover — hand-tooled custom,"Full-grain vegtan A5 journal cover, custom embossing",Service,385.00,1,Etsy Sales — Income,True,True
4257,Bifold wallet — hand-stitched,"Bifold wallet, 6 pockets, full-grain vegtan",Service,165.00,1,Etsy Sales — Income,True,True
4258,Keyring fob,"Hand-stitched keyring fob, single layer",Service,32.00,1,Etsy Sales — Income,True,True
4259,A5 journal cover — hand-tooled custom,"Full-grain vegtan A5 journal cover, custom embossing",Service,385.00,1,Etsy Sales — Income,True,True
4260,Bifold wallet — hand-stitched,"Bifold wallet, 6 pockets, full-grain vegtan",Service,165.00,1,Etsy Sales — Income,True,True
4261,Keyring fob,"Hand-stitched keyring fob, single layer",Service,32.00,1,Etsy Sales — Income,True,True
4262,A5 journal cover — hand-tooled custom,"Full-grain vegtan A5 journal cover, custom embossing",Service,385.00,1,Etsy Sales — Income,True,True
4263,Bifold wallet — hand-stitched,"Bifold wallet, 6 pockets, full-grain vegtan",Service,165.00,1,Etsy Sales — Income,True,True
4264,Keyring fob,"Hand-stitched keyring fob, single layer",Service,32.00,1,Etsy Sales — Income,True,True
4265,A5 journal cover — hand-tooled custom,"Full-grain vegtan A5 journal cover, custom embossing",Service,385.00,1,Etsy Sales — Income,True,True
4266,Bifold wallet — hand-stitched,"Bifold wallet, 6 pockets, full-grain vegtan",Service,165.00,1,Etsy Sales — Income,True,True
4267,Keyring fob,"Hand-stitched keyring fob, single layer",Service,32.00,1,Etsy Sales — Income,True,True
4268,A5 journal cover — hand-tooled custom,"Full-grain vegtan A5 journal cover, custom embossing",Service,385.00,1,Etsy Sales — Income,True,True
4269,Bifold wallet — hand-stitched,"Bifold wallet, 6 pockets, full-grain vegtan",Service,165.00,1,Etsy Sales — Income,True,True
4270,Keyring fob,"Hand-stitched keyring fob, single layer",Service,32.00,1,Etsy Sales — Income,True,True
4271,A5 journal cover — hand-tooled custom,"Full-grain vegtan A5 journal cover, custom embossing",Service,385.00,1,Etsy Sales — Income,True,True
4272,Bifold wallet — hand-stitched,"Bifold wallet, 6 pockets, full-grain vegtan",Service,165.00,1,Etsy Sales — Income,True,True
4273,Keyring fob,"Hand-stitched keyring fob, single layer",Service,32.00,1,Etsy Sales — Income,True,True
4274,A5 journal cover — hand-tooled custom,"Full-grain vegtan A5 journal cover, custom embossing",Service,385.00,1,Etsy Sales — Income,True,True
4275,Bifold wallet — hand-stitched,"Bifold wallet, 6 pockets, full-grain vegtan",Service,165.00,1,Etsy Sales — Income,True,True
4276,Keyring fob,"Hand-stitched keyring fob, single layer",Service,32.00,1,Etsy Sales — Income,True,True
4277,A5 journal cover — hand-tooled custom,"Full-grain vegtan A5 journal cover, custom embossing",Service,385.00,1,Etsy Sales — Income,True,True
4278,Bifold wallet — hand-stitched,"Bifold wallet, 6 pockets, full-grain vegtan",Service,165.00,1,Etsy Sales — Income,True,True
4279,Keyring fob,"Hand-stitched keyring fob, single layer",Service,32.00,1,Etsy Sales — Income,True,True
4280,A5 journal cover — hand-tooled custom,"Full-grain vegtan A5 journal cover, custom embossing",Service,385.00,1,Etsy Sales — Income,True,True
4281,Bifold wallet — hand-stitched,"Bifold wallet, 6 pockets, full-grain vegtan",Service,165.00,1,Etsy Sales — Income,True,True
4282,Keyring fob,"Hand-stitched keyring fob, single layer",Service,32.00,1,Etsy Sales — Income,True,True
4283,A5 journal cover — hand-tooled custom,"Full-grain vegtan A5 journal cover, custom embossing",Service,385.00,1,Etsy Sales — Income,True,True
4284,Bifold wallet — hand-stitched,"Bifold wallet, 6 pockets, full-grain vegtan",Service,165.00,1,Etsy Sales — Income,True,True
4285,Keyring fob,"Hand-stitched keyring fob, single layer",Service,32.00,1,Etsy Sales — Income,True,True
4286,A5 journal cover — hand-tooled custom,"Full-grain vegtan A5 journal cover, custom embossing",Service,385.00,1,Etsy Sales — Income,True,True
4287,Bifold wallet — hand-stitched,"Bifold wallet, 6 pockets, full-grain vegtan",Service,165.00,1,Etsy Sales — Income,True,True
