id,display_name,given_name,surname,email,job_title,company,mobile_phone
oc_001,Lisa Brennan,Lisa,Brennan,lisa.brennan.acad@usaintlaurent.ca,Professor / grant co-PI,Universite Saint-Laurent,555-3520
oc_000,Audrey Boucher,Audrey,Boucher,audrey.boucher@example.org,Coordinator,Universite Saint-Laurent,555-5652
oc_001_x2,Bruno Gagnon,Bruno,Gagnon,bruno.gagnon@example.org,Engineer,StatCan,555-2628
oc_002,Jean-Philippe Pelletier,Jean-Philippe,Pelletier,jeanphilippe.pelletier@example.org,Researcher,SHQ,555-1892
oc_003,Sylvie Patel,Sylvie,Patel,sylvie.patel@example.org,Engineer,NGO,555-1321
oc_004,Chloe Beaulieu,Chloe,Beaulieu,chloe.beaulieu@example.org,Engineer,Universite Saint-Laurent,555-9033
oc_005,Maxime Lavoie,Maxime,Lavoie,maxime.lavoie@example.org,Engineer,Federal partner,555-6833
oc_006,Guillaume Levesque,Guillaume,Levesque,guillaume.levesque@example.org,Researcher,NGO,555-7874
oc_007,Sandrine Rahman,Sandrine,Rahman,sandrine.rahman@example.org,Analyst,Vivre en Ville,555-7613
oc_008,Bruno Singh,Bruno,Singh,bruno.singh@example.org,Coordinator,Vivre en Ville,555-6817
oc_009,Sebastien Charest,Sebastien,Charest,sebastien.charest@example.org,Director,NGO,555-8288
oc_010,Helene Pelletier,Helene,Pelletier,helene.pelletier@example.org,Researcher,NGO,555-9685
oc_011,Josee Morin,Josee,Morin,josee.morin@example.org,Program officer,Federal partner,555-1255
oc_012,Audrey Rahman,Audrey,Rahman,audrey.rahman@example.org,Director,StatCan,555-3367
oc_013,Julie Thibault,Julie,Thibault,julie.thibault@example.org,Analyst,NGO,555-1313
oc_014,Patrick Leblanc,Patrick,Leblanc,patrick.leblanc@example.org,Program officer,StatCan,555-3133
oc_015,Audrey Simard,Audrey,Simard,audrey.simard@example.org,Program officer,Vivre en Ville,555-4179
oc_016,Vincent Lapointe,Vincent,Lapointe,vincent.lapointe@example.org,Engineer,SHQ,555-1303
oc_017,Etienne Brisebois,Etienne,Brisebois,etienne.brisebois@example.org,Researcher,SHQ,555-4421
oc_018,Olivier Simard,Olivier,Simard,olivier.simard@example.org,Researcher,NGO,555-3622
oc_019,Julie Leblanc,Julie,Leblanc,julie.leblanc@example.org,Engineer,Vivre en Ville,555-4370
oc_020,Patrick Bergeron,Patrick,Bergeron,patrick.bergeron@example.org,Analyst,SHQ,555-2755
oc_021,Sandrine Thibault,Sandrine,Thibault,sandrine.thibault@example.org,Engineer,Vivre en Ville,555-4733
oc_022,Etienne Lavoie,Etienne,Lavoie,etienne.lavoie@example.org,Engineer,Vivre en Ville,555-6905
oc_023,Caroline Lemieux,Caroline,Lemieux,caroline.lemieux@example.org,Researcher,StatCan,555-4751
oc_024,Patrick Lavoie,Patrick,Lavoie,patrick.lavoie@example.org,Program officer,StatCan,555-5744
oc_025,Antoine Cloutier,Antoine,Cloutier,antoine.cloutier@example.org,Engineer,SHQ,555-3813
oc_026,Caroline Ouellette,Caroline,Ouellette,caroline.ouellette@example.org,Director,Universite Saint-Laurent,555-5796
oc_027,Caroline Singh,Caroline,Singh,caroline.singh@example.org,Engineer,NGO,555-7866
oc_028,Vincent Brisebois,Vincent,Brisebois,vincent.brisebois@example.org,Program officer,Vivre en Ville,555-4033
oc_029,Patrick Caron,Patrick,Caron,patrick.caron@example.org,Program officer,Vivre en Ville,555-8661
oc_030,Patrick Gagne,Patrick,Gagne,patrick.gagne@example.org,Program officer,SHQ,555-5598
oc_031,Nicolas Beaulieu,Nicolas,Beaulieu,nicolas.beaulieu@example.org,Coordinator,Vivre en Ville,555-2027
oc_032,Olivier Poirier,Olivier,Poirier,olivier.poirier@example.org,Program officer,Vivre en Ville,555-5433
oc_033,Marie-Eve Lavoie,Marie-Eve,Lavoie,marieeve.lavoie@example.org,Researcher,Universite Saint-Laurent,555-2324
oc_034,Sebastien Bouchard,Sebastien,Bouchard,sebastien.bouchard@example.org,Coordinator,Vivre en Ville,555-9135
oc_035,Sandrine Pelletier,Sandrine,Pelletier,sandrine.pelletier@example.org,Analyst,Vivre en Ville,555-7718
oc_036,Isabelle Bergeron,Isabelle,Bergeron,isabelle.bergeron@example.org,Analyst,SHQ,555-1392
oc_037,Yannick Paquette,Yannick,Paquette,yannick.paquette@example.org,Director,NGO,555-4872
oc_038,Julie Paquette,Julie,Paquette,julie.paquette@example.org,Engineer,SHQ,555-6839
oc_039,Marie-Eve Gauthier,Marie-Eve,Gauthier,marieeve.gauthier@example.org,Program officer,Universite Saint-Laurent,555-8587
oc_040,Maxime Fournier,Maxime,Fournier,maxime.fournier@example.org,Director,Federal partner,555-2856
oc_041,Yannick Tremblay-Roy,Yannick,Tremblay-Roy,yannick.tremblayroy@example.org,Analyst,Federal partner,555-4946
oc_042,Julie Patel,Julie,Patel,julie.patel@example.org,Director,Vivre en Ville,555-8048
oc_043,Isabelle Pelletier,Isabelle,Pelletier,isabelle.pelletier@example.org,Program officer,SHQ,555-5882
