id,identifier,number,title,description,priority,estimate,stateId,assigneeId,teamId,projectId,cycleId,labelIds,dueDate,sortOrder,branchName,createdAt,updatedAt,startedAt,completedAt,canceledAt
iss_fed_submission,BJD-101,101,Federation prospect submission - cycle 2027,Three SHL-ready prospects (Oskar Ek + 2 redacted). Submit to SHF via the Box federation_confidential folder before the window closes. Final eye-pass at end of day prior; submission first thing window-open morning.,1,8,state_inprog,user_lamar,team_bjd,proj_fed_2027,cycle_jan_2027,"lbl_fed_submission,lbl_deliverable",2027-02-01,101.0,lamar.cochran/bjd-101-federation-prospect-submission,2026-12-04T08:00:00,2027-01-25T19:00:00,2027-01-22T08:00:00,,
iss_camp_proposal,BJD-102,102,Summer camp 2027 budget + programme proposal to Mikael,First draft uses prior-year close as anchor and supplier price list from Confluence; sensitivity range +6-9% on supplier inflation. Headcount target 28-32. Due to Mikael by next Feb 20.,1,5,state_inprog,user_lamar,team_bjd,proj_camp_2027,cycle_jan_2027,"lbl_camp_2027,lbl_deliverable",2027-02-20,102.0,lamar.cochran/bjd-102-camp-2027-proposal,2026-10-15T08:00:00,2027-01-22T14:00:00,2027-01-22T16:15:00,,
iss_oskar_idp,BJD-103,103,Oskar Ek - IDP Q3 mid-season review,Right-side stride load watch + neutral-zone wall-out drill emphasis. Cross with Notion development page; flag for line-decision review before each home game.,2,3,state_inprog,user_lamar,team_bjd,proj_idp_cycle,cycle_jan_2027,"lbl_idp,lbl_dev_plan,lbl_scouting",2027-02-01,103.0,lamar.cochran/bjd-103-oskar-ek-idp-q3,2026-09-04T08:00:00,2027-01-23T15:20:00,2026-09-04T08:00:00,,
iss_prospect2_idp,BJD-104,104,"Prospect_2 (C, REDACTED) - IDP + medical clearance follow-up",Rotator-cuff inflammation; ROM limited; two-week follow-up scheduled. Strand to confirm cleared/not-cleared status only on the medical channel.,2,2,state_review,user_lamar,team_bjd,proj_idp_cycle,cycle_jan_2027,"lbl_idp,lbl_dev_plan",2027-01-30,104.0,lamar.cochran/bjd-104-prospect2-idp-medical,2026-12-18T08:00:00,2027-01-24T16:00:00,2026-12-18T08:00:00,,
iss_prospect3_idp,BJD-105,105,"Prospect_3 (RD, REDACTED) - IDP + back-half shift logs",Draft eligibility carries as Pending in the stale T2 Airtable snapshot; refresh before final review. Nils to confirm back-half shift logs in #j20-staff.,2,3,state_review,user_lamar,team_bjd,proj_idp_cycle,cycle_jan_2027,"lbl_idp,lbl_dev_plan",2027-01-30,105.0,lamar.cochran/bjd-105-prospect3-idp,2026-12-18T08:00:00,2027-01-24T17:00:00,2026-12-18T08:00:00,,
iss_brynas_prep,BJD-106,106,Brynas J20 home game prep - last 3 head-to-head review,"Pull Brynas shift logs from Airtable, pull last 3 H2H tapes from Notion video page, refresh line combinations cut, cross with special-teams ratio since start of month.",1,2,state_todo,user_lamar,team_bjd,proj_idp_cycle,cycle_jan_2027,lbl_game_prep,2027-01-25,106.0,lamar.cochran/bjd-106-brynas-game-prep,2027-01-20T08:00:00,2027-01-25T07:30:00,,,
iss_post_game_writeback,BJD-107,107,Post-Brynas writeback - season log + Obsidian voice memo,Result line to Notion season log; Oskar third-rotation note (heavy middle minutes); Obsidian voice memo on second-period special-teams adjustment.,2,1,state_todo,user_lamar,team_bjd,proj_idp_cycle,cycle_jan_2027,lbl_post_game,2027-01-25,107.0,,2027-01-20T08:00:00,2027-01-20T08:00:00,,,
iss_tommy_call,BJD-108,108,Mentor resumption Zoom - Tommy Svensson,"15 weeks post-hip surgery, first call back. 19:00 Umea local, 45 minutes. Calendar block 'Tommy - resumption call'. Phone five minutes before Zoom opens.",3,1,state_done,user_lamar,team_bjd,,cycle_jan_2027,,,108.0,,2027-01-22T17:20:00,2027-01-22T17:20:00,2027-01-22T17:20:00,2027-01-22T17:30:00,
iss_fed_diploma_module,BJD-109,109,Federation coaching diploma - Q1 module check-in,Quarterly diploma module check-in via Google Classroom. Pending federation circular release of the Q1 module brief.,3,1,state_backlog,user_lamar,team_bjd,,cycle_feb_2027,,2027-02-15,109.0,,2026-12-20T08:00:00,2026-12-20T08:00:00,,,
