Id,FirstName,LastName,Email,Phone,Title,AccountId,MailingCity
003Ax0000C1IanSa,Ian,Salazar,ian.salazar@dac-env.gov,+1-575-555-0180,Environmental Program Manager,001Ax0000B2DonaA,Las Cruces
003Ax0000C2LisaB,Lisa,Brennan,lisa.brennan@example.org,+1-575-555-0181,Co-Principal Investigator,001Ax0000B2DonaA,Las Cruces
003Ax0000C3Grant,Maria,Delgado,grants@clearwatertrust.org,+1-575-555-0111,Grants Program Coordinator,001Ax0000A1Clear,Las Cruces
003Ax0000G00001A,Ian,Salazar,ian.salazar@dac-env.gov,+1-575-555-0180,Environmental Program Manager,001Ax0000B2DonaA,Las Cruces
003Ax0000G00002A,Lisa,Brennan,lisa.brennan@example.org,+1-575-555-0181,Co-Principal Investigator,001Ax0000B2DonaA,Las Cruces
003Ax0000G00003A,Maria,Delgado,grants@clearwatertrust.org,+1-575-555-0111,Grants Program Coordinator,001Ax0000A1Clear,Las Cruces
003Ax0000G00004A,Ian,Salazar,ian.salazar@dac-env.gov,+1-575-555-0180,Environmental Program Manager,001Ax0000B2DonaA,Las Cruces
003Ax0000G00005A,Lisa,Brennan,lisa.brennan@example.org,+1-575-555-0181,Co-Principal Investigator,001Ax0000B2DonaA,Las Cruces
003Ax0000G00006A,Maria,Delgado,grants@clearwatertrust.org,+1-575-555-0111,Grants Program Coordinator,001Ax0000A1Clear,Las Cruces
003Ax0000G00007A,Ian,Salazar,ian.salazar@dac-env.gov,+1-575-555-0180,Environmental Program Manager,001Ax0000B2DonaA,Las Cruces
003Ax0000G00008A,Lisa,Brennan,lisa.brennan@example.org,+1-575-555-0181,Co-Principal Investigator,001Ax0000B2DonaA,Las Cruces
003Ax0000G00009A,Maria,Delgado,grants@clearwatertrust.org,+1-575-555-0111,Grants Program Coordinator,001Ax0000A1Clear,Las Cruces
003Ax0000G00010A,Ian,Salazar,ian.salazar@dac-env.gov,+1-575-555-0180,Environmental Program Manager,001Ax0000B2DonaA,Las Cruces
003Ax0000G00011A,Lisa,Brennan,lisa.brennan@example.org,+1-575-555-0181,Co-Principal Investigator,001Ax0000B2DonaA,Las Cruces
003Ax0000G00012A,Maria,Delgado,grants@clearwatertrust.org,+1-575-555-0111,Grants Program Coordinator,001Ax0000A1Clear,Las Cruces
003Ax0000G00013A,Ian,Salazar,ian.salazar@dac-env.gov,+1-575-555-0180,Environmental Program Manager,001Ax0000B2DonaA,Las Cruces
003Ax0000G00014A,Lisa,Brennan,lisa.brennan@example.org,+1-575-555-0181,Co-Principal Investigator,001Ax0000B2DonaA,Las Cruces
003Ax0000G00015A,Maria,Delgado,grants@clearwatertrust.org,+1-575-555-0111,Grants Program Coordinator,001Ax0000A1Clear,Las Cruces
003Ax0000G00016A,Ian,Salazar,ian.salazar@dac-env.gov,+1-575-555-0180,Environmental Program Manager,001Ax0000B2DonaA,Las Cruces
003Ax0000G00017A,Lisa,Brennan,lisa.brennan@example.org,+1-575-555-0181,Co-Principal Investigator,001Ax0000B2DonaA,Las Cruces
003Ax0000G00018A,Maria,Delgado,grants@clearwatertrust.org,+1-575-555-0111,Grants Program Coordinator,001Ax0000A1Clear,Las Cruces
003Ax0000G00019A,Ian,Salazar,ian.salazar@dac-env.gov,+1-575-555-0180,Environmental Program Manager,001Ax0000B2DonaA,Las Cruces
003Ax0000G00020A,Lisa,Brennan,lisa.brennan@example.org,+1-575-555-0181,Co-Principal Investigator,001Ax0000B2DonaA,Las Cruces
003Ax0000G00021A,Maria,Delgado,grants@clearwatertrust.org,+1-575-555-0111,Grants Program Coordinator,001Ax0000A1Clear,Las Cruces
003Ax0000G00022A,Ian,Salazar,ian.salazar@dac-env.gov,+1-575-555-0180,Environmental Program Manager,001Ax0000B2DonaA,Las Cruces
003Ax0000G00023A,Lisa,Brennan,lisa.brennan@example.org,+1-575-555-0181,Co-Principal Investigator,001Ax0000B2DonaA,Las Cruces
003Ax0000G00024A,Maria,Delgado,grants@clearwatertrust.org,+1-575-555-0111,Grants Program Coordinator,001Ax0000A1Clear,Las Cruces
003Ax0000G00025A,Ian,Salazar,ian.salazar@dac-env.gov,+1-575-555-0180,Environmental Program Manager,001Ax0000B2DonaA,Las Cruces
003Ax0000G00026A,Lisa,Brennan,lisa.brennan@example.org,+1-575-555-0181,Co-Principal Investigator,001Ax0000B2DonaA,Las Cruces
003Ax0000G00027A,Maria,Delgado,grants@clearwatertrust.org,+1-575-555-0111,Grants Program Coordinator,001Ax0000A1Clear,Las Cruces
003Ax0000G00028A,Ian,Salazar,ian.salazar@dac-env.gov,+1-575-555-0180,Environmental Program Manager,001Ax0000B2DonaA,Las Cruces
003Ax0000G00029A,Lisa,Brennan,lisa.brennan@example.org,+1-575-555-0181,Co-Principal Investigator,001Ax0000B2DonaA,Las Cruces
003Ax0000G00030A,Maria,Delgado,grants@clearwatertrust.org,+1-575-555-0111,Grants Program Coordinator,001Ax0000A1Clear,Las Cruces
003Ax0000G00031A,Ian,Salazar,ian.salazar@dac-env.gov,+1-575-555-0180,Environmental Program Manager,001Ax0000B2DonaA,Las Cruces
003Ax0000G00032A,Lisa,Brennan,lisa.brennan@example.org,+1-575-555-0181,Co-Principal Investigator,001Ax0000B2DonaA,Las Cruces
003Ax0000G00033A,Maria,Delgado,grants@clearwatertrust.org,+1-575-555-0111,Grants Program Coordinator,001Ax0000A1Clear,Las Cruces
003Ax0000G00034A,Ian,Salazar,ian.salazar@dac-env.gov,+1-575-555-0180,Environmental Program Manager,001Ax0000B2DonaA,Las Cruces
003Ax0000G00035A,Lisa,Brennan,lisa.brennan@example.org,+1-575-555-0181,Co-Principal Investigator,001Ax0000B2DonaA,Las Cruces
003Ax0000G00036A,Maria,Delgado,grants@clearwatertrust.org,+1-575-555-0111,Grants Program Coordinator,001Ax0000A1Clear,Las Cruces
003Ax0000G00037A,Ian,Salazar,ian.salazar@dac-env.gov,+1-575-555-0180,Environmental Program Manager,001Ax0000B2DonaA,Las Cruces
003Ax0000G00038A,Lisa,Brennan,lisa.brennan@example.org,+1-575-555-0181,Co-Principal Investigator,001Ax0000B2DonaA,Las Cruces
003Ax0000G00039A,Maria,Delgado,grants@clearwatertrust.org,+1-575-555-0111,Grants Program Coordinator,001Ax0000A1Clear,Las Cruces
003Ax0000G00040A,Ian,Salazar,ian.salazar@dac-env.gov,+1-575-555-0180,Environmental Program Manager,001Ax0000B2DonaA,Las Cruces
003Ax0000G00041A,Lisa,Brennan,lisa.brennan@example.org,+1-575-555-0181,Co-Principal Investigator,001Ax0000B2DonaA,Las Cruces
003Ax0000G00042A,Maria,Delgado,grants@clearwatertrust.org,+1-575-555-0111,Grants Program Coordinator,001Ax0000A1Clear,Las Cruces
003Ax0000G00043A,Ian,Salazar,ian.salazar@dac-env.gov,+1-575-555-0180,Environmental Program Manager,001Ax0000B2DonaA,Las Cruces
003Ax0000G00044A,Lisa,Brennan,lisa.brennan@example.org,+1-575-555-0181,Co-Principal Investigator,001Ax0000B2DonaA,Las Cruces
003Ax0000G00045A,Maria,Delgado,grants@clearwatertrust.org,+1-575-555-0111,Grants Program Coordinator,001Ax0000A1Clear,Las Cruces
003Ax0000G00046A,Ian,Salazar,ian.salazar@dac-env.gov,+1-575-555-0180,Environmental Program Manager,001Ax0000B2DonaA,Las Cruces
003Ax0000G00047A,Lisa,Brennan,lisa.brennan@example.org,+1-575-555-0181,Co-Principal Investigator,001Ax0000B2DonaA,Las Cruces
003Ax0000G00048A,Maria,Delgado,grants@clearwatertrust.org,+1-575-555-0111,Grants Program Coordinator,001Ax0000A1Clear,Las Cruces
003Ax0000G00049A,Ian,Salazar,ian.salazar@dac-env.gov,+1-575-555-0180,Environmental Program Manager,001Ax0000B2DonaA,Las Cruces
003Ax0000G00050A,Lisa,Brennan,lisa.brennan@example.org,+1-575-555-0181,Co-Principal Investigator,001Ax0000B2DonaA,Las Cruces
003Ax0000G00051A,Maria,Delgado,grants@clearwatertrust.org,+1-575-555-0111,Grants Program Coordinator,001Ax0000A1Clear,Las Cruces
003Ax0000G00052A,Ian,Salazar,ian.salazar@dac-env.gov,+1-575-555-0180,Environmental Program Manager,001Ax0000B2DonaA,Las Cruces
003Ax0000G00053A,Lisa,Brennan,lisa.brennan@example.org,+1-575-555-0181,Co-Principal Investigator,001Ax0000B2DonaA,Las Cruces
003Ax0000G00054A,Maria,Delgado,grants@clearwatertrust.org,+1-575-555-0111,Grants Program Coordinator,001Ax0000A1Clear,Las Cruces
003Ax0000G00055A,Ian,Salazar,ian.salazar@dac-env.gov,+1-575-555-0180,Environmental Program Manager,001Ax0000B2DonaA,Las Cruces
003Ax0000G00056A,Lisa,Brennan,lisa.brennan@example.org,+1-575-555-0181,Co-Principal Investigator,001Ax0000B2DonaA,Las Cruces
003Ax0000G00057A,Maria,Delgado,grants@clearwatertrust.org,+1-575-555-0111,Grants Program Coordinator,001Ax0000A1Clear,Las Cruces
003Ax0000G00058A,Ian,Salazar,ian.salazar@dac-env.gov,+1-575-555-0180,Environmental Program Manager,001Ax0000B2DonaA,Las Cruces
003Ax0000G00059A,Lisa,Brennan,lisa.brennan@example.org,+1-575-555-0181,Co-Principal Investigator,001Ax0000B2DonaA,Las Cruces
003Ax0000G00060A,Maria,Delgado,grants@clearwatertrust.org,+1-575-555-0111,Grants Program Coordinator,001Ax0000A1Clear,Las Cruces
003Ax0000G00061A,Ian,Salazar,ian.salazar@dac-env.gov,+1-575-555-0180,Environmental Program Manager,001Ax0000B2DonaA,Las Cruces
003Ax0000G00062A,Lisa,Brennan,lisa.brennan@example.org,+1-575-555-0181,Co-Principal Investigator,001Ax0000B2DonaA,Las Cruces
003Ax0000G00063A,Maria,Delgado,grants@clearwatertrust.org,+1-575-555-0111,Grants Program Coordinator,001Ax0000A1Clear,Las Cruces
003Ax0000G00064A,Ian,Salazar,ian.salazar@dac-env.gov,+1-575-555-0180,Environmental Program Manager,001Ax0000B2DonaA,Las Cruces
003Ax0000G00065A,Lisa,Brennan,lisa.brennan@example.org,+1-575-555-0181,Co-Principal Investigator,001Ax0000B2DonaA,Las Cruces
003Ax0000G00066A,Maria,Delgado,grants@clearwatertrust.org,+1-575-555-0111,Grants Program Coordinator,001Ax0000A1Clear,Las Cruces
003Ax0000G00067A,Ian,Salazar,ian.salazar@dac-env.gov,+1-575-555-0180,Environmental Program Manager,001Ax0000B2DonaA,Las Cruces
003Ax0000G00068A,Lisa,Brennan,lisa.brennan@example.org,+1-575-555-0181,Co-Principal Investigator,001Ax0000B2DonaA,Las Cruces
003Ax0000G00069A,Maria,Delgado,grants@clearwatertrust.org,+1-575-555-0111,Grants Program Coordinator,001Ax0000A1Clear,Las Cruces
003Ax0000G00070A,Ian,Salazar,ian.salazar@dac-env.gov,+1-575-555-0180,Environmental Program Manager,001Ax0000B2DonaA,Las Cruces
003Ax0000G00071A,Lisa,Brennan,lisa.brennan@example.org,+1-575-555-0181,Co-Principal Investigator,001Ax0000B2DonaA,Las Cruces
003Ax0000G00072A,Maria,Delgado,grants@clearwatertrust.org,+1-575-555-0111,Grants Program Coordinator,001Ax0000A1Clear,Las Cruces
003Ax0000G00073A,Ian,Salazar,ian.salazar@dac-env.gov,+1-575-555-0180,Environmental Program Manager,001Ax0000B2DonaA,Las Cruces
003Ax0000G00074A,Lisa,Brennan,lisa.brennan@example.org,+1-575-555-0181,Co-Principal Investigator,001Ax0000B2DonaA,Las Cruces
003Ax0000G00075A,Maria,Delgado,grants@clearwatertrust.org,+1-575-555-0111,Grants Program Coordinator,001Ax0000A1Clear,Las Cruces
003Ax0000G00076A,Ian,Salazar,ian.salazar@dac-env.gov,+1-575-555-0180,Environmental Program Manager,001Ax0000B2DonaA,Las Cruces
003Ax0000G00077A,Lisa,Brennan,lisa.brennan@example.org,+1-575-555-0181,Co-Principal Investigator,001Ax0000B2DonaA,Las Cruces
003Ax0000G00078A,Maria,Delgado,grants@clearwatertrust.org,+1-575-555-0111,Grants Program Coordinator,001Ax0000A1Clear,Las Cruces
003Ax0000G00079A,Ian,Salazar,ian.salazar@dac-env.gov,+1-575-555-0180,Environmental Program Manager,001Ax0000B2DonaA,Las Cruces
003Ax0000G00080A,Lisa,Brennan,lisa.brennan@example.org,+1-575-555-0181,Co-Principal Investigator,001Ax0000B2DonaA,Las Cruces
003Ax0000G00081A,Maria,Delgado,grants@clearwatertrust.org,+1-575-555-0111,Grants Program Coordinator,001Ax0000A1Clear,Las Cruces
003Ax0000G00082A,Ian,Salazar,ian.salazar@dac-env.gov,+1-575-555-0180,Environmental Program Manager,001Ax0000B2DonaA,Las Cruces
003Ax0000G00083A,Lisa,Brennan,lisa.brennan@example.org,+1-575-555-0181,Co-Principal Investigator,001Ax0000B2DonaA,Las Cruces
003Ax0000G00084A,Maria,Delgado,grants@clearwatertrust.org,+1-575-555-0111,Grants Program Coordinator,001Ax0000A1Clear,Las Cruces
003Ax0000G00085A,Ian,Salazar,ian.salazar@dac-env.gov,+1-575-555-0180,Environmental Program Manager,001Ax0000B2DonaA,Las Cruces
003Ax0000G00086A,Lisa,Brennan,lisa.brennan@example.org,+1-575-555-0181,Co-Principal Investigator,001Ax0000B2DonaA,Las Cruces
003Ax0000G00087A,Maria,Delgado,grants@clearwatertrust.org,+1-575-555-0111,Grants Program Coordinator,001Ax0000A1Clear,Las Cruces
003Ax0000G00088A,Ian,Salazar,ian.salazar@dac-env.gov,+1-575-555-0180,Environmental Program Manager,001Ax0000B2DonaA,Las Cruces
003Ax0000G00089A,Lisa,Brennan,lisa.brennan@example.org,+1-575-555-0181,Co-Principal Investigator,001Ax0000B2DonaA,Las Cruces
003Ax0000G00090A,Maria,Delgado,grants@clearwatertrust.org,+1-575-555-0111,Grants Program Coordinator,001Ax0000A1Clear,Las Cruces
003Ax0000G00091A,Ian,Salazar,ian.salazar@dac-env.gov,+1-575-555-0180,Environmental Program Manager,001Ax0000B2DonaA,Las Cruces
003Ax0000G00092A,Lisa,Brennan,lisa.brennan@example.org,+1-575-555-0181,Co-Principal Investigator,001Ax0000B2DonaA,Las Cruces
003Ax0000G00093A,Maria,Delgado,grants@clearwatertrust.org,+1-575-555-0111,Grants Program Coordinator,001Ax0000A1Clear,Las Cruces
003Ax0000G00094A,Ian,Salazar,ian.salazar@dac-env.gov,+1-575-555-0180,Environmental Program Manager,001Ax0000B2DonaA,Las Cruces
003Ax0000G00095A,Lisa,Brennan,lisa.brennan@example.org,+1-575-555-0181,Co-Principal Investigator,001Ax0000B2DonaA,Las Cruces
003Ax0000G00096A,Maria,Delgado,grants@clearwatertrust.org,+1-575-555-0111,Grants Program Coordinator,001Ax0000A1Clear,Las Cruces
003Ax0000G00097A,Ian,Salazar,ian.salazar@dac-env.gov,+1-575-555-0180,Environmental Program Manager,001Ax0000B2DonaA,Las Cruces
003Ax0000G00098A,Lisa,Brennan,lisa.brennan@example.org,+1-575-555-0181,Co-Principal Investigator,001Ax0000B2DonaA,Las Cruces
003Ax0000G00099A,Maria,Delgado,grants@clearwatertrust.org,+1-575-555-0111,Grants Program Coordinator,001Ax0000A1Clear,Las Cruces
003Ax0000G00100A,Ian,Salazar,ian.salazar@dac-env.gov,+1-575-555-0180,Environmental Program Manager,001Ax0000B2DonaA,Las Cruces
003Ax0000G00101A,Lisa,Brennan,lisa.brennan@example.org,+1-575-555-0181,Co-Principal Investigator,001Ax0000B2DonaA,Las Cruces
003Ax0000G00102A,Maria,Delgado,grants@clearwatertrust.org,+1-575-555-0111,Grants Program Coordinator,001Ax0000A1Clear,Las Cruces
003Ax0000G00103A,Ian,Salazar,ian.salazar@dac-env.gov,+1-575-555-0180,Environmental Program Manager,001Ax0000B2DonaA,Las Cruces
003Ax0000G00104A,Lisa,Brennan,lisa.brennan@example.org,+1-575-555-0181,Co-Principal Investigator,001Ax0000B2DonaA,Las Cruces
003Ax0000G00105A,Maria,Delgado,grants@clearwatertrust.org,+1-575-555-0111,Grants Program Coordinator,001Ax0000A1Clear,Las Cruces
003Ax0000G00106A,Ian,Salazar,ian.salazar@dac-env.gov,+1-575-555-0180,Environmental Program Manager,001Ax0000B2DonaA,Las Cruces
003Ax0000G00107A,Lisa,Brennan,lisa.brennan@example.org,+1-575-555-0181,Co-Principal Investigator,001Ax0000B2DonaA,Las Cruces
003Ax0000G00108A,Maria,Delgado,grants@clearwatertrust.org,+1-575-555-0111,Grants Program Coordinator,001Ax0000A1Clear,Las Cruces
003Ax0000G00109A,Ian,Salazar,ian.salazar@dac-env.gov,+1-575-555-0180,Environmental Program Manager,001Ax0000B2DonaA,Las Cruces
003Ax0000G00110A,Lisa,Brennan,lisa.brennan@example.org,+1-575-555-0181,Co-Principal Investigator,001Ax0000B2DonaA,Las Cruces
003Ax0000G00111A,Maria,Delgado,grants@clearwatertrust.org,+1-575-555-0111,Grants Program Coordinator,001Ax0000A1Clear,Las Cruces
003Ax0000G00112A,Ian,Salazar,ian.salazar@dac-env.gov,+1-575-555-0180,Environmental Program Manager,001Ax0000B2DonaA,Las Cruces
003Ax0000G00113A,Lisa,Brennan,lisa.brennan@example.org,+1-575-555-0181,Co-Principal Investigator,001Ax0000B2DonaA,Las Cruces
003Ax0000G00114A,Maria,Delgado,grants@clearwatertrust.org,+1-575-555-0111,Grants Program Coordinator,001Ax0000A1Clear,Las Cruces
003Ax0000G00115A,Ian,Salazar,ian.salazar@dac-env.gov,+1-575-555-0180,Environmental Program Manager,001Ax0000B2DonaA,Las Cruces
003Ax0000G00116A,Lisa,Brennan,lisa.brennan@example.org,+1-575-555-0181,Co-Principal Investigator,001Ax0000B2DonaA,Las Cruces
003Ax0000G00117A,Maria,Delgado,grants@clearwatertrust.org,+1-575-555-0111,Grants Program Coordinator,001Ax0000A1Clear,Las Cruces
003Ax0000G00118A,Ian,Salazar,ian.salazar@dac-env.gov,+1-575-555-0180,Environmental Program Manager,001Ax0000B2DonaA,Las Cruces
003Ax0000G00119A,Lisa,Brennan,lisa.brennan@example.org,+1-575-555-0181,Co-Principal Investigator,001Ax0000B2DonaA,Las Cruces
003Ax0000G00120A,Maria,Delgado,grants@clearwatertrust.org,+1-575-555-0111,Grants Program Coordinator,001Ax0000A1Clear,Las Cruces
003Ax0000G00121A,Ian,Salazar,ian.salazar@dac-env.gov,+1-575-555-0180,Environmental Program Manager,001Ax0000B2DonaA,Las Cruces
003Ax0000G00122A,Lisa,Brennan,lisa.brennan@example.org,+1-575-555-0181,Co-Principal Investigator,001Ax0000B2DonaA,Las Cruces
003Ax0000G00123A,Maria,Delgado,grants@clearwatertrust.org,+1-575-555-0111,Grants Program Coordinator,001Ax0000A1Clear,Las Cruces
003Ax0000G00124A,Ian,Salazar,ian.salazar@dac-env.gov,+1-575-555-0180,Environmental Program Manager,001Ax0000B2DonaA,Las Cruces
003Ax0000G00125A,Lisa,Brennan,lisa.brennan@example.org,+1-575-555-0181,Co-Principal Investigator,001Ax0000B2DonaA,Las Cruces
003Ax0000G00126A,Maria,Delgado,grants@clearwatertrust.org,+1-575-555-0111,Grants Program Coordinator,001Ax0000A1Clear,Las Cruces
003Ax0000G00127A,Ian,Salazar,ian.salazar@dac-env.gov,+1-575-555-0180,Environmental Program Manager,001Ax0000B2DonaA,Las Cruces
003Ax0000G00128A,Lisa,Brennan,lisa.brennan@example.org,+1-575-555-0181,Co-Principal Investigator,001Ax0000B2DonaA,Las Cruces
003Ax0000G00129A,Maria,Delgado,grants@clearwatertrust.org,+1-575-555-0111,Grants Program Coordinator,001Ax0000A1Clear,Las Cruces
003Ax0000G00130A,Ian,Salazar,ian.salazar@dac-env.gov,+1-575-555-0180,Environmental Program Manager,001Ax0000B2DonaA,Las Cruces
003Ax0000G00131A,Lisa,Brennan,lisa.brennan@example.org,+1-575-555-0181,Co-Principal Investigator,001Ax0000B2DonaA,Las Cruces
003Ax0000G00132A,Maria,Delgado,grants@clearwatertrust.org,+1-575-555-0111,Grants Program Coordinator,001Ax0000A1Clear,Las Cruces
003Ax0000G00133A,Ian,Salazar,ian.salazar@dac-env.gov,+1-575-555-0180,Environmental Program Manager,001Ax0000B2DonaA,Las Cruces
003Ax0000G00134A,Lisa,Brennan,lisa.brennan@example.org,+1-575-555-0181,Co-Principal Investigator,001Ax0000B2DonaA,Las Cruces
003Ax0000G00135A,Maria,Delgado,grants@clearwatertrust.org,+1-575-555-0111,Grants Program Coordinator,001Ax0000A1Clear,Las Cruces
003Ax0000G00136A,Ian,Salazar,ian.salazar@dac-env.gov,+1-575-555-0180,Environmental Program Manager,001Ax0000B2DonaA,Las Cruces
003Ax0000G00137A,Lisa,Brennan,lisa.brennan@example.org,+1-575-555-0181,Co-Principal Investigator,001Ax0000B2DonaA,Las Cruces
003Ax0000G00138A,Maria,Delgado,grants@clearwatertrust.org,+1-575-555-0111,Grants Program Coordinator,001Ax0000A1Clear,Las Cruces
003Ax0000G00139A,Ian,Salazar,ian.salazar@dac-env.gov,+1-575-555-0180,Environmental Program Manager,001Ax0000B2DonaA,Las Cruces
003Ax0000G00140A,Lisa,Brennan,lisa.brennan@example.org,+1-575-555-0181,Co-Principal Investigator,001Ax0000B2DonaA,Las Cruces
003Ax0000G00141A,Maria,Delgado,grants@clearwatertrust.org,+1-575-555-0111,Grants Program Coordinator,001Ax0000A1Clear,Las Cruces
003Ax0000G00142A,Ian,Salazar,ian.salazar@dac-env.gov,+1-575-555-0180,Environmental Program Manager,001Ax0000B2DonaA,Las Cruces
003Ax0000G00143A,Lisa,Brennan,lisa.brennan@example.org,+1-575-555-0181,Co-Principal Investigator,001Ax0000B2DonaA,Las Cruces
003Ax0000G00144A,Maria,Delgado,grants@clearwatertrust.org,+1-575-555-0111,Grants Program Coordinator,001Ax0000A1Clear,Las Cruces
003Ax0000G00145A,Ian,Salazar,ian.salazar@dac-env.gov,+1-575-555-0180,Environmental Program Manager,001Ax0000B2DonaA,Las Cruces
003Ax0000G00146A,Lisa,Brennan,lisa.brennan@example.org,+1-575-555-0181,Co-Principal Investigator,001Ax0000B2DonaA,Las Cruces
003Ax0000G00147A,Maria,Delgado,grants@clearwatertrust.org,+1-575-555-0111,Grants Program Coordinator,001Ax0000A1Clear,Las Cruces
003Ax0000G00148A,Ian,Salazar,ian.salazar@dac-env.gov,+1-575-555-0180,Environmental Program Manager,001Ax0000B2DonaA,Las Cruces
003Ax0000G00149A,Lisa,Brennan,lisa.brennan@example.org,+1-575-555-0181,Co-Principal Investigator,001Ax0000B2DonaA,Las Cruces
003Ax0000G00150A,Maria,Delgado,grants@clearwatertrust.org,+1-575-555-0111,Grants Program Coordinator,001Ax0000A1Clear,Las Cruces
003Ax0000G00151A,Ian,Salazar,ian.salazar@dac-env.gov,+1-575-555-0180,Environmental Program Manager,001Ax0000B2DonaA,Las Cruces
003Ax0000G00152A,Lisa,Brennan,lisa.brennan@example.org,+1-575-555-0181,Co-Principal Investigator,001Ax0000B2DonaA,Las Cruces
003Ax0000G00153A,Maria,Delgado,grants@clearwatertrust.org,+1-575-555-0111,Grants Program Coordinator,001Ax0000A1Clear,Las Cruces
003Ax0000G00154A,Ian,Salazar,ian.salazar@dac-env.gov,+1-575-555-0180,Environmental Program Manager,001Ax0000B2DonaA,Las Cruces
003Ax0000G00155A,Lisa,Brennan,lisa.brennan@example.org,+1-575-555-0181,Co-Principal Investigator,001Ax0000B2DonaA,Las Cruces
003Ax0000G00156A,Maria,Delgado,grants@clearwatertrust.org,+1-575-555-0111,Grants Program Coordinator,001Ax0000A1Clear,Las Cruces
003Ax0000G00157A,Ian,Salazar,ian.salazar@dac-env.gov,+1-575-555-0180,Environmental Program Manager,001Ax0000B2DonaA,Las Cruces
003Ax0000G00158A,Lisa,Brennan,lisa.brennan@example.org,+1-575-555-0181,Co-Principal Investigator,001Ax0000B2DonaA,Las Cruces
003Ax0000G00159A,Maria,Delgado,grants@clearwatertrust.org,+1-575-555-0111,Grants Program Coordinator,001Ax0000A1Clear,Las Cruces
003Ax0000G00160A,Ian,Salazar,ian.salazar@dac-env.gov,+1-575-555-0180,Environmental Program Manager,001Ax0000B2DonaA,Las Cruces
003Ax0000G00161A,Lisa,Brennan,lisa.brennan@example.org,+1-575-555-0181,Co-Principal Investigator,001Ax0000B2DonaA,Las Cruces
003Ax0000G00162A,Maria,Delgado,grants@clearwatertrust.org,+1-575-555-0111,Grants Program Coordinator,001Ax0000A1Clear,Las Cruces
003Ax0000G00163A,Ian,Salazar,ian.salazar@dac-env.gov,+1-575-555-0180,Environmental Program Manager,001Ax0000B2DonaA,Las Cruces
003Ax0000G00164A,Lisa,Brennan,lisa.brennan@example.org,+1-575-555-0181,Co-Principal Investigator,001Ax0000B2DonaA,Las Cruces
003Ax0000G00165A,Maria,Delgado,grants@clearwatertrust.org,+1-575-555-0111,Grants Program Coordinator,001Ax0000A1Clear,Las Cruces
003Ax0000G00166A,Ian,Salazar,ian.salazar@dac-env.gov,+1-575-555-0180,Environmental Program Manager,001Ax0000B2DonaA,Las Cruces
003Ax0000G00167A,Lisa,Brennan,lisa.brennan@example.org,+1-575-555-0181,Co-Principal Investigator,001Ax0000B2DonaA,Las Cruces
003Ax0000G00168A,Maria,Delgado,grants@clearwatertrust.org,+1-575-555-0111,Grants Program Coordinator,001Ax0000A1Clear,Las Cruces
003Ax0000G00169A,Ian,Salazar,ian.salazar@dac-env.gov,+1-575-555-0180,Environmental Program Manager,001Ax0000B2DonaA,Las Cruces
003Ax0000G00170A,Lisa,Brennan,lisa.brennan@example.org,+1-575-555-0181,Co-Principal Investigator,001Ax0000B2DonaA,Las Cruces
003Ax0000G00171A,Maria,Delgado,grants@clearwatertrust.org,+1-575-555-0111,Grants Program Coordinator,001Ax0000A1Clear,Las Cruces
003Ax0000G00172A,Ian,Salazar,ian.salazar@dac-env.gov,+1-575-555-0180,Environmental Program Manager,001Ax0000B2DonaA,Las Cruces
003Ax0000G00173A,Lisa,Brennan,lisa.brennan@example.org,+1-575-555-0181,Co-Principal Investigator,001Ax0000B2DonaA,Las Cruces
003Ax0000G00174A,Maria,Delgado,grants@clearwatertrust.org,+1-575-555-0111,Grants Program Coordinator,001Ax0000A1Clear,Las Cruces
003Ax0000G00175A,Ian,Salazar,ian.salazar@dac-env.gov,+1-575-555-0180,Environmental Program Manager,001Ax0000B2DonaA,Las Cruces
003Ax0000G00176A,Lisa,Brennan,lisa.brennan@example.org,+1-575-555-0181,Co-Principal Investigator,001Ax0000B2DonaA,Las Cruces
003Ax0000G00177A,Maria,Delgado,grants@clearwatertrust.org,+1-575-555-0111,Grants Program Coordinator,001Ax0000A1Clear,Las Cruces
003Ax0000G00178A,Ian,Salazar,ian.salazar@dac-env.gov,+1-575-555-0180,Environmental Program Manager,001Ax0000B2DonaA,Las Cruces
003Ax0000G00179A,Lisa,Brennan,lisa.brennan@example.org,+1-575-555-0181,Co-Principal Investigator,001Ax0000B2DonaA,Las Cruces
003Ax0000G00180A,Maria,Delgado,grants@clearwatertrust.org,+1-575-555-0111,Grants Program Coordinator,001Ax0000A1Clear,Las Cruces
003Ax0000G00181A,Ian,Salazar,ian.salazar@dac-env.gov,+1-575-555-0180,Environmental Program Manager,001Ax0000B2DonaA,Las Cruces
003Ax0000G00182A,Lisa,Brennan,lisa.brennan@example.org,+1-575-555-0181,Co-Principal Investigator,001Ax0000B2DonaA,Las Cruces
003Ax0000G00183A,Maria,Delgado,grants@clearwatertrust.org,+1-575-555-0111,Grants Program Coordinator,001Ax0000A1Clear,Las Cruces
003Ax0000G00184A,Ian,Salazar,ian.salazar@dac-env.gov,+1-575-555-0180,Environmental Program Manager,001Ax0000B2DonaA,Las Cruces
003Ax0000G00185A,Lisa,Brennan,lisa.brennan@example.org,+1-575-555-0181,Co-Principal Investigator,001Ax0000B2DonaA,Las Cruces
003Ax0000G00186A,Maria,Delgado,grants@clearwatertrust.org,+1-575-555-0111,Grants Program Coordinator,001Ax0000A1Clear,Las Cruces
003Ax0000G00187A,Ian,Salazar,ian.salazar@dac-env.gov,+1-575-555-0180,Environmental Program Manager,001Ax0000B2DonaA,Las Cruces
003Ax0000G00188A,Lisa,Brennan,lisa.brennan@example.org,+1-575-555-0181,Co-Principal Investigator,001Ax0000B2DonaA,Las Cruces
003Ax0000G00189A,Maria,Delgado,grants@clearwatertrust.org,+1-575-555-0111,Grants Program Coordinator,001Ax0000A1Clear,Las Cruces
003Ax0000G00190A,Ian,Salazar,ian.salazar@dac-env.gov,+1-575-555-0180,Environmental Program Manager,001Ax0000B2DonaA,Las Cruces
003Ax0000G00191A,Lisa,Brennan,lisa.brennan@example.org,+1-575-555-0181,Co-Principal Investigator,001Ax0000B2DonaA,Las Cruces
003Ax0000G00192A,Maria,Delgado,grants@clearwatertrust.org,+1-575-555-0111,Grants Program Coordinator,001Ax0000A1Clear,Las Cruces
003Ax0000G00193A,Ian,Salazar,ian.salazar@dac-env.gov,+1-575-555-0180,Environmental Program Manager,001Ax0000B2DonaA,Las Cruces
003Ax0000G00194A,Lisa,Brennan,lisa.brennan@example.org,+1-575-555-0181,Co-Principal Investigator,001Ax0000B2DonaA,Las Cruces
003Ax0000G00195A,Maria,Delgado,grants@clearwatertrust.org,+1-575-555-0111,Grants Program Coordinator,001Ax0000A1Clear,Las Cruces
003Ax0000G00196A,Ian,Salazar,ian.salazar@dac-env.gov,+1-575-555-0180,Environmental Program Manager,001Ax0000B2DonaA,Las Cruces
003Ax0000G00197A,Lisa,Brennan,lisa.brennan@example.org,+1-575-555-0181,Co-Principal Investigator,001Ax0000B2DonaA,Las Cruces
003Ax0000G00198A,Maria,Delgado,grants@clearwatertrust.org,+1-575-555-0111,Grants Program Coordinator,001Ax0000A1Clear,Las Cruces
003Ax0000G00199A,Ian,Salazar,ian.salazar@dac-env.gov,+1-575-555-0180,Environmental Program Manager,001Ax0000B2DonaA,Las Cruces
003Ax0000G00200A,Lisa,Brennan,lisa.brennan@example.org,+1-575-555-0181,Co-Principal Investigator,001Ax0000B2DonaA,Las Cruces
003Ax0000G00201A,Maria,Delgado,grants@clearwatertrust.org,+1-575-555-0111,Grants Program Coordinator,001Ax0000A1Clear,Las Cruces
003Ax0000G00202A,Ian,Salazar,ian.salazar@dac-env.gov,+1-575-555-0180,Environmental Program Manager,001Ax0000B2DonaA,Las Cruces
003Ax0000G00203A,Lisa,Brennan,lisa.brennan@example.org,+1-575-555-0181,Co-Principal Investigator,001Ax0000B2DonaA,Las Cruces
003Ax0000G00204A,Maria,Delgado,grants@clearwatertrust.org,+1-575-555-0111,Grants Program Coordinator,001Ax0000A1Clear,Las Cruces
003Ax0000G00205A,Ian,Salazar,ian.salazar@dac-env.gov,+1-575-555-0180,Environmental Program Manager,001Ax0000B2DonaA,Las Cruces
003Ax0000G00206A,Lisa,Brennan,lisa.brennan@example.org,+1-575-555-0181,Co-Principal Investigator,001Ax0000B2DonaA,Las Cruces
003Ax0000G00207A,Maria,Delgado,grants@clearwatertrust.org,+1-575-555-0111,Grants Program Coordinator,001Ax0000A1Clear,Las Cruces
003Ax0000G00208A,Ian,Salazar,ian.salazar@dac-env.gov,+1-575-555-0180,Environmental Program Manager,001Ax0000B2DonaA,Las Cruces
003Ax0000G00209A,Lisa,Brennan,lisa.brennan@example.org,+1-575-555-0181,Co-Principal Investigator,001Ax0000B2DonaA,Las Cruces
003Ax0000G00210A,Maria,Delgado,grants@clearwatertrust.org,+1-575-555-0111,Grants Program Coordinator,001Ax0000A1Clear,Las Cruces
003Ax0000G00211A,Ian,Salazar,ian.salazar@dac-env.gov,+1-575-555-0180,Environmental Program Manager,001Ax0000B2DonaA,Las Cruces
003Ax0000G00212A,Lisa,Brennan,lisa.brennan@example.org,+1-575-555-0181,Co-Principal Investigator,001Ax0000B2DonaA,Las Cruces
003Ax0000G00213A,Maria,Delgado,grants@clearwatertrust.org,+1-575-555-0111,Grants Program Coordinator,001Ax0000A1Clear,Las Cruces
003Ax0000G00214A,Ian,Salazar,ian.salazar@dac-env.gov,+1-575-555-0180,Environmental Program Manager,001Ax0000B2DonaA,Las Cruces
003Ax0000G00215A,Lisa,Brennan,lisa.brennan@example.org,+1-575-555-0181,Co-Principal Investigator,001Ax0000B2DonaA,Las Cruces
003Ax0000G00216A,Maria,Delgado,grants@clearwatertrust.org,+1-575-555-0111,Grants Program Coordinator,001Ax0000A1Clear,Las Cruces
003Ax0000G00217A,Ian,Salazar,ian.salazar@dac-env.gov,+1-575-555-0180,Environmental Program Manager,001Ax0000B2DonaA,Las Cruces
003Ax0000G00218A,Lisa,Brennan,lisa.brennan@example.org,+1-575-555-0181,Co-Principal Investigator,001Ax0000B2DonaA,Las Cruces
003Ax0000G00219A,Maria,Delgado,grants@clearwatertrust.org,+1-575-555-0111,Grants Program Coordinator,001Ax0000A1Clear,Las Cruces
003Ax0000G00220A,Ian,Salazar,ian.salazar@dac-env.gov,+1-575-555-0180,Environmental Program Manager,001Ax0000B2DonaA,Las Cruces
003Ax0000G00221A,Lisa,Brennan,lisa.brennan@example.org,+1-575-555-0181,Co-Principal Investigator,001Ax0000B2DonaA,Las Cruces
003Ax0000G00222A,Maria,Delgado,grants@clearwatertrust.org,+1-575-555-0111,Grants Program Coordinator,001Ax0000A1Clear,Las Cruces
003Ax0000G00223A,Ian,Salazar,ian.salazar@dac-env.gov,+1-575-555-0180,Environmental Program Manager,001Ax0000B2DonaA,Las Cruces
003Ax0000G00224A,Lisa,Brennan,lisa.brennan@example.org,+1-575-555-0181,Co-Principal Investigator,001Ax0000B2DonaA,Las Cruces
003Ax0000G00225A,Maria,Delgado,grants@clearwatertrust.org,+1-575-555-0111,Grants Program Coordinator,001Ax0000A1Clear,Las Cruces
003Ax0000G00226A,Ian,Salazar,ian.salazar@dac-env.gov,+1-575-555-0180,Environmental Program Manager,001Ax0000B2DonaA,Las Cruces
003Ax0000G00227A,Lisa,Brennan,lisa.brennan@example.org,+1-575-555-0181,Co-Principal Investigator,001Ax0000B2DonaA,Las Cruces
003Ax0000G00228A,Maria,Delgado,grants@clearwatertrust.org,+1-575-555-0111,Grants Program Coordinator,001Ax0000A1Clear,Las Cruces
003Ax0000G00229A,Ian,Salazar,ian.salazar@dac-env.gov,+1-575-555-0180,Environmental Program Manager,001Ax0000B2DonaA,Las Cruces
